{"w_deep": 0.6180384491178528, "w_bio": 0.3819615508821472}