{"w_deep": 0.6180295283817054, "w_bio": 0.38197047161829456}